"Visit Date",Team,"Dist. Rep.","Business Name","Visit Notes",Orders,"Image 1","Image 2","Image 3","Image 4"
"06/27/26 23:11:51ET",Kelley,,"Salty Dog - HHI (CHS)","Madi just texted me her order.",0,,,,
"06/26/26 18:22:45ET",Mayer,,"BREWS ON THE ALLEY","Spoke with Cadence, JJ moved really fast.  Gave me Emily’s contact info and I sent her an email following up on other available options.",0,,,,
"06/26/26 20:24:17ET",Gallo,Savage,"Fresh Market #260 (CHS)","Solid stock by CL 212 and 46",0,,,,
"06/26/26 19:27:31ET",Gallo,Dreher,"Harris Teeter #131 (CHS)","Solid stock-  Alex will beef it up for us for next weekend. ",0,,,,
"06/26/26 18:03:52ET",Mayer,,"KEOWEE SHORES GRILL","Met with Tracy she’s going to be picking up anything that’s available from us. Is now in the coaster program.  Damn Yankee, DN sold really well. ",4,,,,
"06/26/26 19:21:34ET",Gallo,Dreher,"Lowe's Foods #265 (CHS)","Ran into Alex SCP- he said pricing issue with 4/6.  Going to add to next order with Dance Naked.  NO DY. ",3,https://bogmayer.bevtrack.net/assets/bogmayer/img/meetingImg/6a3eb51df1b09.jpg,,,
"06/26/26 20:30:52ET",Gallo,Orr,"Publix #0449 (CHS)","Stocked up with ICL 2/12 and DY",0,,,,
"06/26/26 18:21:55ET",Gallo,Dreher,"Publix #1646 (CHS)","Solid stock of ICL and DY",0,https://bogmayer.bevtrack.net/assets/bogmayer/img/meetingImg/6a3ea72244e4c.jpg,,,
"06/26/26 18:46:06ET",Gallo,Rutledge,"Spinx #0341 (CHS)","Met with Allen and Frank Forsberg - solid stock of ICL, CHILL and damn Yankee. ",0,https://bogmayer.bevtrack.net/assets/bogmayer/img/meetingImg/6a3eaccde29c4.jpg,,,
"06/26/26 20:12:48ET",Gallo,Mathias,"Total Wine & More #705-Mt P (CHS)","all skus loaded in - Active and DN low. ",2,,,,
"06/26/26 19:33:59ET",Gallo,Dreher,"Walmart #4384 (CHS)","Solid stock of all three island skis. Great job to SCP.",0,,,,
"06/25/26 21:00:20ET",Mayer,,"Bang Back Pinball Lounge (COLA)","Spoke with Mia, Rebecca is the GM wants to bring us in both locations.  Possible sponsorship $800/quarter.  All three brands",0,,,,
"06/25/26 13:43:14ET",Gallo,May,"Earth Fare #200 - Windermere (CHS)","Good stock of ICL, DN and JJ -  wants order of Berry Stomp ",1,,,,
"06/25/26 19:19:43ET",Hamilton,,"Food Lion #2248 (MYR)","OOS ICL 2/12. No ICL here",1,,,,
"06/25/26 20:46:34ET",Hamilton,Schneller,"Fresh Market #107 (MYR)","Good stock of ICL 2/12. No order needed",0,https://bogmayer.bevtrack.net/assets/bogmayer/img/meetingImg/6a3d7789bb97d.jpg,,,
"06/25/26 14:40:37ET",Gallo,Scruggs,"Harris Teeter #277 (CHS)","OOS - ICL and DN and JJ again. ",3,https://bogmayer.bevtrack.net/assets/bogmayer/img/meetingImg/6a3d21c51f85f.jpg,,,
"06/25/26 14:14:04ET",Gallo,May,"Harris Teeter #28 (CHS)","Great stock of ICL and Damn Yankee. Still missing JJ and DN. ",2,https://bogmayer.bevtrack.net/assets/bogmayer/img/meetingImg/6a3d1b8b7b438.jpg,,,
"06/25/26 13:55:39ET",Gallo,Moore,"Harris Teeter #455 (CHS)","Constant OOS in this store.  OOS - ICL, Dance, Juice Juice warm and cold. ",3,,,,
"06/25/26 21:57:45ET",Mayer,COLA,"Lazy Creek Taphouse (COLA)","Currently carrying JJ 1/6.  Mallory wasn’t here",0,,,,
"06/25/26 18:19:26ET",Hamilton,Wichman,"Lowe's Foods #232 (MYR)","Good stock of Chill strawberry mango. No order needed",0,https://bogmayer.bevtrack.net/assets/bogmayer/img/meetingImg/6a3d550db126d.jpg,,,
"06/25/26 19:46:02ET",Hamilton,Norkus,"Lowe's Foods #233 (MYR)","Great stock of Island Chill. No order needed",0,https://bogmayer.bevtrack.net/assets/bogmayer/img/meetingImg/6a3d695a28ba5.jpg,,,
"06/25/26 21:12:38ET",Hamilton,Schneller,"Lowe's Foods #259 (MYR)","Good stock of chill strawberry mango. No order needed",0,https://bogmayer.bevtrack.net/assets/bogmayer/img/meetingImg/6a3d7da62d986.jpg,,,
"06/25/26 20:01:30ET",Mayer,,"MELLOW MUSHROOM","Sampled JJ and Island lager with Zach.  Loves both JJ and ICL.  Yankee went well but likes JJ better.  Mentioned coaster program.  Didn’t sound interested",0,,,,
"06/25/26 14:09:19ET",Gallo,Moore,"Publix #0633 (CHS)","No manager on duty this a.m. Will come back to cell in ICL 212 and battery beer. This was a great ICL account prior to resets.",0,,,,
"06/25/26 21:03:11ET",Hamilton,Schneller,"Publix #1478 (MYR)","2 packs of ICL 2/12. No order needed.",0,https://bogmayer.bevtrack.net/assets/bogmayer/img/meetingImg/6a3d7b6f24217.jpg,,,
"06/25/26 17:35:39ET",Hamilton,Winchester,"Publix #1510 (MYR)","Good stock of IcL 2/12",0,https://bogmayer.bevtrack.net/assets/bogmayer/img/meetingImg/6a3d4acb1afe4.jpg,,,
"06/25/26 19:53:31ET",Hamilton,Hawley,"Publix #1568 (MYR)","2 packs of ICL 2/12. No order needed.",0,https://bogmayer.bevtrack.net/assets/bogmayer/img/meetingImg/6a3d6b1b2181f.jpg,,,
"06/25/26 18:32:21ET",Hamilton,Shore,"Publix #1806 (MYR)","Good stock of ICL 2/12 (3 packs).",0,https://bogmayer.bevtrack.net/assets/bogmayer/img/meetingImg/6a3d5814eeddf.jpg,,,
"06/25/26 14:04:32ET",Gallo,,"Refuel #1060 (CHS)","Active sighting on shelf - TY.  
Added extra facing of Damn Yankee. ",0,https://bogmayer.bevtrack.net/assets/bogmayer/img/meetingImg/6a3d194fb5c0d.jpg,https://bogmayer.bevtrack.net/assets/bogmayer/img/meetingImg/6a3d1950509bd.jpg,,
"06/25/26 19:11:58ET",Kelley,Rohal,"Sunset Pizzeria (CHS)","Avery was not there today. I will check back next week.",0,,,,
"06/25/26 17:55:58ET",Hamilton,Connell,"Total Wine & More #704 (MYR)","6 packs of ICL 2/12 (need 2 more). Good stock of chill",1,https://bogmayer.bevtrack.net/assets/bogmayer/img/meetingImg/6a3d4f8d52caa.jpg,https://bogmayer.bevtrack.net/assets/bogmayer/img/meetingImg/6a3d4f8e1847a.jpg,,
"06/25/26 20:16:51ET",Hamilton,Hutchison,"Walmart #5705 (MYR)","No stock, but talked with a SCP manager (Dominic) who happened to be in store. He added it to the set and said we could get some in",0,,,,
"06/25/26 18:52:57ET",Hamilton,Labelle,"Walmart Market #2887 (MYR)","OOS SB DY, but I haven’t seen it in Bevtracks order history. Need more ICL 2/12 and ICL 4/6. ",3,https://bogmayer.bevtrack.net/assets/bogmayer/img/meetingImg/6a3d5ce7e5d00.jpg,https://bogmayer.bevtrack.net/assets/bogmayer/img/meetingImg/6a3d5ce87a237.jpg,,
"06/25/26 19:35:08ET",Hamilton,Hawley,"Walmart Market #3442 (MYR)","2 packs of ICL 2/12",0,https://bogmayer.bevtrack.net/assets/bogmayer/img/meetingImg/6a3d66cbdf870.jpg,,,
"06/24/26 19:26:41ET",Mayer,,"Charleston Sports Pub-West Ashley (CHS)","Brandon is off on wednesdays.   Sent him an email",0,,,,
"06/24/26 19:33:12ET",Hamilton,Savage,"Fresh Market #260 (CHS)","Good stock of ICL 2/12 and IcL 4/6",2,https://bogmayer.bevtrack.net/assets/bogmayer/img/meetingImg/6a3c14d7f09a3.jpg,,,
"06/24/26 14:50:33ET",Hamilton,Dreher,"Harris Teeter #385 (CHS)","Good stock of SB SY. Need more Island. No RB",2,,,,
"06/24/26 20:32:07ET",Hamilton,Mathias,"Harris Teeter #87 (CHS)","OOS ICL 4/6. Good stock of ICL 2/12. Both RB’s in cold. Good stock of SB DY",1,https://bogmayer.bevtrack.net/assets/bogmayer/img/meetingImg/6a3c22a53a761.jpg,https://bogmayer.bevtrack.net/assets/bogmayer/img/meetingImg/6a3c22a602424.jpg,https://bogmayer.bevtrack.net/assets/bogmayer/img/meetingImg/6a3c22a6bb11a.jpg,
"06/24/26 20:13:44ET",Kelley,Holyoak,"HGC Shipyard (CHS)","Spoke with the bartender she gave me Chris’s number who is the manager that does ordering for the bar. Helles is still on draft here and going well. I will reach out to Chris to see what I can do about getting some other beers on draft. He also orders for the bar at Oyster Reef.  She warned me he does not like to change things up….",0,https://bogmayer.bevtrack.net/assets/bogmayer/img/meetingImg/6a3c1e5810d15.jpg,,,
"06/24/26 19:20:25ET",Mayer,,"Hunley's (CHS)","Ashley wasn’t in.  Sent her a message with beer sheet suggesting dance naked as a can option",0,,,,
"06/24/26 19:23:00ET",Mayer,Berardelli,"Ireland's Own (CHS)","Chris wasn’t in, sent him a message about fall events and beer changes for fall.
",0,,,,
"06/24/26 20:19:10ET",Mayer,Wannamaker,"King's Leaf - West Ashley (CHS)","Still moving dance naked, JJ and bery stomp",0,,,,
"06/24/26 20:12:06ET",Mayer,Wannamaker,"Locals - West Ashley (CHS)","Spoke with Brian wants a sample Berry stomp had to make some changes to the menu",0,,,,
"06/24/26 17:41:52ET",Kelley,Holyoak,"Locals Only Taproom (CHS)","Just met with Shona and she is wanting to pick up a 1/6 of Berry Stomp!",0,,,,
"06/24/26 15:15:29ET",Hamilton,Dreher,"Lowe's Foods #265 (CHS)","OOS ICL 4/6. Good stock of ICL 2/12. Great stock of chill. Running low on RB JJ",2,https://bogmayer.bevtrack.net/assets/bogmayer/img/meetingImg/6a3bd86e5edc3.jpg,https://bogmayer.bevtrack.net/assets/bogmayer/img/meetingImg/6a3bd86f0c5c3.jpg,https://bogmayer.bevtrack.net/assets/bogmayer/img/meetingImg/6a3bd86fbedcb.jpg,https://bogmayer.bevtrack.net/assets/bogmayer/img/meetingImg/6a3bd87073d63.jpg
"06/24/26 19:24:08ET",Mayer,Coburn,"Montanas (CHS)","Dustin is on vacation, sent him a message with all beer options requesting a tasting.  Left samples with bartender",0,,,,
"06/24/26 21:04:28ET",Kelley,Bunn,"Piggly Wiggly #101 (CHS)","Stopped to try to talk with Liz. She was not in today, but I spoke with Jake. He said Liz will be back tomorrow and that would be my best bet. He remembers carrying ICL in the past and says Liz might be open to bringing it back in. I will swing by tomorrow and check with Liz. They currently carry Yankee, Helles & Bramble",0,https://bogmayer.bevtrack.net/assets/bogmayer/img/meetingImg/6a3c2a3b21e34.jpg,https://bogmayer.bevtrack.net/assets/bogmayer/img/meetingImg/6a3c2a3bab7e6.jpg,,
"06/24/26 19:21:58ET",Mayer,Wannamaker,"Pub On 61 (CHS)","Spoke with Mitch about fall events and scheduling a Oktoberfest with them.  He’s going to get back with me but likes the idea",0,,,,
"06/24/26 19:18:15ET",Hamilton,Orr,"Publix #0449 (CHS)","Good stock of ICL 2/12. Good stock of SB DY",0,https://bogmayer.bevtrack.net/assets/bogmayer/img/meetingImg/6a3c11573bcfc.jpg,,,
"06/24/26 15:34:57ET",Hamilton,Dreher,"Publix #1646 (CHS)","3 packs of ICL 2/12. Good stock of SB DY",1,https://bogmayer.bevtrack.net/assets/bogmayer/img/meetingImg/6a3bdcffda77f.jpg,https://bogmayer.bevtrack.net/assets/bogmayer/img/meetingImg/6a3bdd009ca7e.jpg,,
"06/24/26 20:40:57ET",Kelley,,"Salty Dog Cafe - Downtown (CHS)","Stop by here for the first time and met Madi the GM who is super friendly. I left her with probably 7 samples of different beers from all of our brands. I’m trying to convince her to put Yankee back on and possibly another of ours on draft. She also is wanting Bramble in cans. They have 6 draft lines and a cooler with can options as well. She is going to figure out what she wants to do and where she wants to put them. I will follow up with her on Friday.",0,,,,
"06/24/26 19:19:33ET",Kelley,Livingston,"Slapfish (CHS)","Met Zack the owner who is a really cool guy. I didn’t realize but they have Yankee on draft already. He picked up 1 case of ICL, Active, & lemon lime Chill as well. Throughout the week he does trivia, Bingo, and live music. I told him I would love to do a tasting for him with ISLAND brand. We exchange contact info and will set something up in the near future.. I gave him lots of swag and put up some POS.",0,https://bogmayer.bevtrack.net/assets/bogmayer/img/meetingImg/6a3c11a41303b.jpg,https://bogmayer.bevtrack.net/assets/bogmayer/img/meetingImg/6a3c11a52a03e.jpg,,
"06/24/26 15:24:39ET",Hamilton,Rutledge,"Spinx #0341 (CHS)","Great stock of ICL 2/12. A little low on chill strawberry mango",1,https://bogmayer.bevtrack.net/assets/bogmayer/img/meetingImg/6a3bda957a6e7.jpg,https://bogmayer.bevtrack.net/assets/bogmayer/img/meetingImg/6a3bda966dc7f.jpg,https://bogmayer.bevtrack.net/assets/bogmayer/img/meetingImg/6a3bda9709226.jpg,
"06/24/26 19:56:11ET",Mayer,Wannamaker,"T-Bonz-West Ashley (CHS)","Spoke with Jim the new GM was Downtown now he’s here Damn Yankee is doing well. Ordering more.  Mentioned the coaster program if he brings in another sku.  Said he’ll think about it",0,,,,
"06/24/26 19:49:47ET",Hamilton,Orr,"Walmart #0632 (CHS)","OOS all island products. Need more SB DY",4,https://bogmayer.bevtrack.net/assets/bogmayer/img/meetingImg/6a3c18ba7e1b1.jpg,https://bogmayer.bevtrack.net/assets/bogmayer/img/meetingImg/6a3c18bb22dcc.jpg,,
"06/24/26 20:54:39ET",Hamilton,Dreher,"Walmart #4384 (CHS)","Great stock of iCL 4/6, ICL 2/12, and IA",0,https://bogmayer.bevtrack.net/assets/bogmayer/img/meetingImg/6a3c27eeb1513.jpg,,,
"06/23/26 21:06:23ET",Mayer,,"Cabana Burger - Johns Island (CHS)","Spoke with Allen the owner he’s going to look into bringing in juice, juice and island coastal logger on draft. ",0,,,,
"06/23/26 21:03:46ET",Hamilton,Dreher,"Harris Teeter #131 (CHS)","Good stock of RB JJ and DN in cold end cap. Great stock of SB DY in local warm and cold. Need more ICl 4/6 and ICL 2/12",2,https://bogmayer.bevtrack.net/assets/bogmayer/img/meetingImg/6a3ad88fd73c4.jpg,https://bogmayer.bevtrack.net/assets/bogmayer/img/meetingImg/6a3ad8907a2a9.jpg,https://bogmayer.bevtrack.net/assets/bogmayer/img/meetingImg/6a3ad8910d11d.jpg,https://bogmayer.bevtrack.net/assets/bogmayer/img/meetingImg/6a3ad89192868.jpg
"06/23/26 14:33:32ET",Gallo,Scruggs,"Harris Teeter #365 (CHS)","OOS ICL 4/6 over 5 weeks now. ",0,https://bogmayer.bevtrack.net/assets/bogmayer/img/meetingImg/6a3a7d1beda79.jpg,,,
"06/23/26 18:55:06ET",Kelley,,"Local Pie-Riverside","Just grabbed lunch here. Mark has not had a chance to try the Berry stomp yet. Hopefully he will get to it by the end of this week.",0,,,,
"06/23/26 19:02:57ET",Kelley,Holyoak,"Locals Only Taproom (CHS)","Spoke with Shona on the phone. She is not there today, but we scheduled a time tomorrow to meet so she can sample some different beers",0,,,,
"06/23/26 21:08:09ET",Mayer,McClellan,"Nantucket Meat & Fish Market (CHS)","Spoke with Michael helped him build out his draft box so that they can get opened in July",0,,,,
"06/23/26 18:53:32ET",Kelley,Rohal,"Nom Nom Poke (CHS)","Checked back in with Stephanie about the Berry Stomp. She has not had a chance to try it yet, but said she will tonight.. I will follow up again maybe later this week.",0,,,,
"06/22/26 18:39:31ET",Kelley,Rohal,"Calhoun's (CHS)","Just met with the owner she sampled Berry stomp and liked it so she is ordering a 1/6. She sampled Helene and liked it as well. Hopefully she will pick that up too. I will follow up and find out.",0,,,,
"06/22/26 18:41:25ET",Kelley,Rohal,"Capt Woodys-Bluff (CHS)","Spoke with Trey. He ended up bringing an a case of juice juice. They already have Yankee and ICL canned only.. this location does not carry draft",0,,,,
"06/22/26 19:01:02ET",Mayer,,"Dog & Duck - Nexton (CHS)","Brandon is out sick today.  Picking up bs when available ",0,,,,
"06/22/26 22:03:32ET",Hamilton,Greegor,"Harris Teeter #451 (CHS)","Only checked cold. Good stock of ICL 4:6 and DN in cold",0,https://bogmayer.bevtrack.net/assets/bogmayer/img/meetingImg/6a39951279ffc.jpg,https://bogmayer.bevtrack.net/assets/bogmayer/img/meetingImg/6a39951359907.jpg,,
"06/22/26 21:31:32ET",Hamilton,Greegor,"Lowe's Foods #293 (CHS)","Great stock of RB JJ and DN. OOS ICL 4/6",1,https://bogmayer.bevtrack.net/assets/bogmayer/img/meetingImg/6a398d9352703.jpg,https://bogmayer.bevtrack.net/assets/bogmayer/img/meetingImg/6a398d940f49d.jpg,,
"06/22/26 19:11:40ET",Mayer,Scarpitti,"Rotolos (CHS)","Spoke with Gwen, juice juice is selling.  Manager isn’t in today",0,,,,
"06/22/26 21:19:37ET",Hamilton,Williams,"Spinx #370 (CHS)","Good stock of chill. Need more ICL",1,https://bogmayer.bevtrack.net/assets/bogmayer/img/meetingImg/6a398ac729f0f.jpg,https://bogmayer.bevtrack.net/assets/bogmayer/img/meetingImg/6a398ac7b400b.jpg,https://bogmayer.bevtrack.net/assets/bogmayer/img/meetingImg/6a398ac855ca3.jpg,https://bogmayer.bevtrack.net/assets/bogmayer/img/meetingImg/6a398ac8dbc0d.jpg
"06/22/26 18:24:18ET",Mayer,,"Steel City Pizza-Carnes Crossing (CHS)","Spoke with AGM, Gerald isn’t here today, need to speak with Dennis ",0,,,,
"06/22/26 17:44:20ET",Mayer,Coburn,"Two Keys Tavern (CHS)","Spoke with Ralston, Kyra is dealing with a gas leak issue.  Check back ",0,,,,
"06/19/26 23:35:48ET",Gallo,Wannamaker,"CHS Golf (CHS)","Met with Haley- Berry Stomp cans and ICL next week. ",2,,,,
"06/19/26 23:55:31ET",Gallo,ALAN,"GILLIGANS ISLAND BAR & GRILL ","active sold in for draft - met with Chuck ",0,,,,
"06/19/26 17:12:56ET",Hamilton,May,"Harris Teeter #28 (CHS)","Great stock of ICL 4/6 and SB Southern Barrel. No RB products",0,https://bogmayer.bevtrack.net/assets/bogmayer/img/meetingImg/6a355c77b4ec0.jpg,,,
"06/19/26 17:35:41ET",Gallo,Moore,"Harris Teeter #406 (CHS)","Issue with 16oz cans but Jared is on it. Need both new 12oz cans - solid stock of ICL 2/12 and 4/6z ",2,https://bogmayer.bevtrack.net/assets/bogmayer/img/meetingImg/6a3561cc8940b.jpg,,,
"06/19/26 17:41:07ET",Hamilton,Moore,"Harris Teeter #455 (CHS)","Still no stock of ICL. Good stock of Damn Yankee. No RB (1 pack f 16oz DN leftover)",0,https://bogmayer.bevtrack.net/assets/bogmayer/img/meetingImg/6a3563112385d.jpg,https://bogmayer.bevtrack.net/assets/bogmayer/img/meetingImg/6a356312228b6.jpg,,
"06/19/26 16:54:09ET",Hamilton,May,"Harris Teeter #456 (CHS)","Good stock of ICL 4/6 . need more SB DY. Good stock of JJ in cold (in place of trip hop)",2,https://bogmayer.bevtrack.net/assets/bogmayer/img/meetingImg/6a35580f9f1a1.jpg,https://bogmayer.bevtrack.net/assets/bogmayer/img/meetingImg/6a3558105d75b.jpg,https://bogmayer.bevtrack.net/assets/bogmayer/img/meetingImg/6a355811108cf.jpg,
"06/19/26 15:58:32ET",Hamilton,Mathias,"Harris Teeter #457 (CHS)","Good stock of ICL 4/6 and Active. Good stock of SB DY. Need ICL 4/6 in local warm, but put in this order last week. No RB in cold. Juice juice in local warm",0,https://bogmayer.bevtrack.net/assets/bogmayer/img/meetingImg/6a354b05b0c22.jpg,https://bogmayer.bevtrack.net/assets/bogmayer/img/meetingImg/6a354b065e88e.jpg,https://bogmayer.bevtrack.net/assets/bogmayer/img/meetingImg/6a354b06f1293.jpg,https://bogmayer.bevtrack.net/assets/bogmayer/img/meetingImg/6a354b07820b1.jpg
"06/19/26 17:09:16ET",Mayer,Savage,"Lowe's Foods #270 (CHS)","Spoke with new den man.  Is ordering 1/6 of dance naked and JJ.  Wants to schedule tap takover for fall",2,,,,
"06/19/26 16:59:10ET",Gallo,Moore,"Lowe's Foods #278 (CHS)","Warm JJ and DN - cold damn Yankee. 
No ICL. Random RB cans. ",0,https://bogmayer.bevtrack.net/assets/bogmayer/img/meetingImg/6a35593dcf04e.jpg,,,
"06/19/26 17:28:10ET",Hamilton,Moore,"Publix #0633 (CHS)","Still no product here",0,,,,
"06/19/26 18:06:27ET",Gallo,Greegor,"Publix #1145 (CHS)","Low on ICL- weird spot on shelf. Moved for better pull. None in stock room. ",1,,,,
"06/19/26 16:28:29ET",Gallo,,"Refuel #17 (CHS)","No ICL or DY in this store. ",0,,,,
"06/19/26 15:37:08ET",Gallo,Kuffel,"Spinx #0351 (CHS)","Low stock of ICL also added gas wobbler. Good stock of CHILL ",1,https://bogmayer.bevtrack.net/assets/bogmayer/img/meetingImg/6a354603ded1c.jpg,,,
"06/19/26 16:35:21ET",Gallo,Kuffel,"Spinx #368 (CHS)","Added gas tag - OOS on strawberry CHILL ",2,https://bogmayer.bevtrack.net/assets/bogmayer/img/meetingImg/6a3553a928372.jpg,,,
"06/19/26 16:37:14ET",Gallo,Wannamaker,"Stones Throw Tavern (CHS)","Stopped to discuss coaster program with Mark, bartender said Tuesdays are good. ",0,,,,
"06/19/26 16:20:31ET",Hamilton,Mathias,"Total Wine & More #705-Mt P (CHS)","Good stock of ICL and IA. Good stock of JJ, DN, SC. Good stock of SB DY",2,https://bogmayer.bevtrack.net/assets/bogmayer/img/meetingImg/6a35502b618e2.jpg,https://bogmayer.bevtrack.net/assets/bogmayer/img/meetingImg/6a35502caaf78.jpg,https://bogmayer.bevtrack.net/assets/bogmayer/img/meetingImg/6a35502da5a48.jpg,https://bogmayer.bevtrack.net/assets/bogmayer/img/meetingImg/6a35502e7fc06.jpg
"06/19/26 16:27:29ET",Gallo,,"Underground Chuck's #602 (CHS)","New account in West Ashley. Our manager was not in yet, but I’m going to reach out to the rep Jake.",0,,,,
"06/19/26 17:39:39ET",Gallo,May,"Walmart #1748 (CHS)","Great stock on ICL 2-12",0,,,,
"06/18/26 18:09:23ET",Kelley,Livingston,"Bluffton Seafood (CHS)","Manager not in until 1. Michael is the bar manger. He won’t be in until tomorrow morning. They have ICL in cans. Kitchen says he changes up the beers often.",0,https://bogmayer.bevtrack.net/assets/bogmayer/img/meetingImg/6a341832bd481.jpg,,,
"06/18/26 22:58:29ET",Gallo,,"Burbage Meats","Dropped sample of CHILL with pricing.  ",0,,,,
"06/18/26 19:06:44ET",Kelley,Livingston,"Burnt Church Distillery - Taproom (CHS)","Spoke with manager Hannah. Gave her information on our beers.. They do have a rotating line at Hail Marys. She has to talk to the president about possibly considering it.. I will check back by another time.",0,,,,
"06/18/26 20:29:00ET",Mayer,Holyoak,"Carolina Tasting Room (CHS)","Spoke with Clayton, currently carrying beach, bully, and orangutan, and all in coastal logger",0,,,,
"06/18/26 20:18:50ET",Mayer,Holyoak,"Earle Of Sandwich (CHS)","Spoke with Wendy Damn Yankee is doing well.  Doesn’t need any other optuons",0,,,,
"06/18/26 17:56:56ET",Kelley,,"Greenhouse Restaurant (CHS)","Does not open until 4 PM",0,,,,
"06/18/26 14:39:28ET",Gallo,Scruggs,"Harris Teeter #277 (CHS)","OOS ICL 4/6, and no Rusty Bull. Low on damn Yankee. ",4,https://bogmayer.bevtrack.net/assets/bogmayer/img/meetingImg/6a33e6ff814dd.jpg,https://bogmayer.bevtrack.net/assets/bogmayer/img/meetingImg/6a33e70011a06.jpg,,
"06/18/26 13:56:05ET",Gallo,Scruggs,"Harris Teeter #365 (CHS)","OOS Again on 4/6 ICL.  OOS JJ and no 2/12",2,https://bogmayer.bevtrack.net/assets/bogmayer/img/meetingImg/6a33dcd49c1e0.jpg,,,
"06/18/26 13:56:47ET",Gallo,Scruggs,"Harris Teeter #365 (CHS)","Pics for last meeting ",0,https://bogmayer.bevtrack.net/assets/bogmayer/img/meetingImg/6a33dcfe63210.jpg,https://bogmayer.bevtrack.net/assets/bogmayer/img/meetingImg/6a33dcff0bf66.jpg,,
"06/18/26 13:38:26ET",Gallo,Coburn,"Hunley's (CHS)","Set up meeting with the owner tomorrow at 11 AM. They carry chill and damn Yankee. Want to see if we can get ICL and one or two rusty bull  in there for band night",0,,,,
"06/18/26 22:57:39ET",Gallo,,"Los Reyes-Wappoo (CHS)","Met with owner about taking Frothy Beard local spot.  Will let me know.  Busy bar. ",0,,,,
"06/18/26 13:36:08ET",Gallo,,"Modern Vape - West Ashley (CHS)","Met with Joe, left CHILL samples . Will discuss a stacker at front with Garrick. ",0,,,,
"06/18/26 19:56:04ET",Kelley,McClellan,"Nantucket Meat & Fish Market (CHS)","Just dropped off a sample of Berry Stomp for Cameron. Hopefully he will get back to me on it.",0,,,,
"06/18/26 18:19:19ET",Kelley,Rohal,"Nectar - Bluffton (CHS)","Stop by to try to catch Conner to talk to him about the Berry stomp he wanted to put on a while ago that is now available.. he wasn’t in today, but I talked to the owners. Conner should be in tomorrow so I’ll give him a call then.",0,,,,
"06/18/26 21:11:10ET",Kelley,Rohal,"Nom Nom Poke (CHS)","Harold was not in, but they have a  manager and today from their Savannah location. I dropped off a sample of Berry stomp for them to try. I’ll text Harold and let him know. It’s there for him when he wants to try it.",0,,,,
"06/18/26 19:57:14ET",Mayer,,"One Hot Mamas - HHI (CHS)","Jen wasn’t in.  Spoke to bartender left her a message",0,,,,
"06/18/26 23:00:50ET",Gallo,Kuffel,"Parkers #105 (CHS)","No product in the Parker’s. Great spot for ICL or DY 19.2.  Will reach out to Matt. ",0,,,,
"06/18/26 18:52:50ET",Kelley,Rohal,"Peaceful Henry's (CHS)","Bill is all stocked up on beer for now. He said check back in a week with Berry Stomp.",0,,,,
"06/18/26 14:18:34ET",Gallo,Scruggs,"Publix #1599 (CHS)","Solid stock of ICL 212 and Dam Yankee. No order needed.",0,,,,
"06/18/26 23:12:06ET",Gallo,Scruggs,"Total Wine & More #702-W Ashley (CHS)","Need new RB cans and 4/6 ICL loaded up",3,,,,
"06/18/26 13:42:09ET",Gallo,Welsh,"V Go #21 - Savannah Hwy (CHS)","Need to talk with Doug about 2/12 and CHILL in here.  Only carrying 4/6 ICL - need order ",1,https://bogmayer.bevtrack.net/assets/bogmayer/img/meetingImg/6a33d98fa9cb6.jpg,https://bogmayer.bevtrack.net/assets/bogmayer/img/meetingImg/6a33d9907e183.jpg,,
"06/17/26 20:34:24ET",Mayer,Coburn,"Bohemian Bull - James Island (CHS)","Spoke with Taylor Shawn is in on Thursdays, currently carrying orangutan and Helles ",0,,,,
"06/17/26 20:22:48ET",Mayer,,"Bowens Island Rest (CHS)","Spoke with Bob carrying juice, juice cans at the dock and damn Yankee upstairs will switch it for orangutan when it kicks.  Once the schedule us for a brewery event.",0,,,,
"06/17/26 19:11:42ET",Kelley,Holyoak,"Carolina Tasting Room (CHS)","Just put in an order for them here. Bully is still on draft as well.",0,,,,
"06/17/26 19:50:10ET",Mayer,Coburn,"Catch23 (CHS)","Met with Jess, reworked the terms to work for us",0,,,,
"06/17/26 20:03:38ET",Mayer,Coburn,"Chico Feo (CHS)","Spoke with Sully going to pick up 2 1/2 of juice, juice next week.",1,,,,
"06/17/26 19:49:20ET",Mayer,Coburn,"Coconut Joes - Folly (CHS)","Spoke with Ryan Garner new GM not making changes for a couple months.  Agreed they need a local hazy on tap.  JJ cans still not on menu",0,,,,
"06/17/26 18:35:06ET",Kelley,Holyoak,"Hudson's Seafood (CHS)","Spoke with Josh and he wants to pick up 2 1/6 of Berry Stomp when it’s available.",0,https://bogmayer.bevtrack.net/assets/bogmayer/img/meetingImg/6a32ccb895af1.jpg,,,
"06/17/26 19:00:40ET",Hamilton,Orr,"Lowe's Foods #279 (CHS)","Good stock of ICL 4/6. Could use another case of chill strawberry mango. Great stock of RB Dance Naked. Great stock of SB DY",2,https://bogmayer.bevtrack.net/assets/bogmayer/img/meetingImg/6a32d2b53f187.jpg,https://bogmayer.bevtrack.net/assets/bogmayer/img/meetingImg/6a32d2b62b6c4.jpg,https://bogmayer.bevtrack.net/assets/bogmayer/img/meetingImg/6a32d2b7099b5.jpg,
"06/17/26 19:02:59ET",Kelley,Holyoak,"Rollers Conv Lagoon (CHS)","Stop by to talk to Jasmine. She is at the other location. Southern Barrel beers are selling well they said. I want to try to get some ICL or Rusty Bull beers in there.",0,,,,
"06/17/26 19:41:25ET",Hamilton,Kuffel,"Spinx #0350 (CHS)","Good stock of ICL 2/12 and Island Chill. No order needed",0,https://bogmayer.bevtrack.net/assets/bogmayer/img/meetingImg/6a32dc43336c1.jpg,https://bogmayer.bevtrack.net/assets/bogmayer/img/meetingImg/6a32dc43cba0a.jpg,https://bogmayer.bevtrack.net/assets/bogmayer/img/meetingImg/6a32dc4467ae6.jpg,
"06/17/26 20:12:49ET",Hamilton,Kuffel,"Spinx #0351 (CHS)","Need more ICL 2/12 (2 packs left). Need more strawberry mango chill (2 packs left). ",2,https://bogmayer.bevtrack.net/assets/bogmayer/img/meetingImg/6a32e3a031886.jpg,https://bogmayer.bevtrack.net/assets/bogmayer/img/meetingImg/6a32e3a0afc82.jpg,https://bogmayer.bevtrack.net/assets/bogmayer/img/meetingImg/6a32e3a14205f.jpg,
"06/17/26 20:04:55ET",Mayer,,"Taco Boy - Folly (CHS)","No one was here to speak with. Need to come back on a Tuesday.",0,,,,
"06/17/26 19:46:30ET",Kelley,,"Tin & Tallow (CHS)","Stopped by to chat with Tyler but he was not in today. Hard to catch him.",0,,,,
"06/17/26 20:00:56ET",Hamilton,Moore,"Walmart #3367 (CHS)","Good stock of ICL 4/6 and ICL 2/12. Need more SB DY (1 pack left)",1,https://bogmayer.bevtrack.net/assets/bogmayer/img/meetingImg/6a32e0d669795.jpg,https://bogmayer.bevtrack.net/assets/bogmayer/img/meetingImg/6a32e0d757319.jpg,,
"06/17/26 19:21:31ET",Hamilton,Theos,"Walmart Market #3899 (CHS)","Great stock of all Island beers",0,https://bogmayer.bevtrack.net/assets/bogmayer/img/meetingImg/6a32d79b1f038.jpg,,,
"06/16/26 20:40:45ET",Mayer,Coburn,"Bad Daddy's Burger Bar (CHS)","Still has tumbling monk on as an option, not selling very much of it they will not switch it to anything else",0,,,,
"06/16/26 20:08:21ET",Mayer,,"Carolina Ale House - Nexton (CHS)","Currently carrying Dance Naked, JJ, picking up BS, IA, ICL, Helles and damn yankee.  Picking up IA keg",1,,,,
"06/16/26 20:37:28ET",Mayer,Coburn,"CHS Sports Book - Nexton (CHS)","Cooler went down, still carrying JJ, DN, Orangutang.   Going to pick up Damn Yankee cans and bs. Marty is going to reach out",0,,,,
"06/16/26 17:53:21ET",Mayer,Wannamaker,"Dig In Park Circle (CHS)","Spoke with Savannah bartender.  Needed another taphandle.

Set her up with another currently has juice juice and Orangutang on draft ourside",1,,,,
"06/16/26 19:54:16ET",Kelley,Rohal,"Flatbread Grill & Bar (CHS)","Amanda is at other location in Hilton head today. Yankee is still on draft.",0,,,,
"06/16/26 16:15:46ET",Hamilton,Heath,"Food Lion #2247 (CHS)","No product here",0,,,,
"06/16/26 18:10:55ET",Hamilton,Savage,"Harris Teeter #363 (CHS)","Good stock of ICL 2/12, ICL 4/6, ISLAND ACTIVE, and Sb Damn Yankee",0,https://bogmayer.bevtrack.net/assets/bogmayer/img/meetingImg/6a31758cedc24.jpg,https://bogmayer.bevtrack.net/assets/bogmayer/img/meetingImg/6a31758dcf9df.jpg,https://bogmayer.bevtrack.net/assets/bogmayer/img/meetingImg/6a31758ead086.jpg,
"06/16/26 19:02:31ET",Mayer,Wannamaker,"Johnny's Garage (CHS)","Spoke with katheryn, Joel was too busy to chat.  Mentioned all the beers  doesn’t seem to eager to work with us.",0,,,,
"06/16/26 19:18:13ET",Mayer,Menard,"Longhorn #5202 (CHS)","Spoke with Eli he’s gonna pick up  Cougar Kolsch ",1,,,,
"06/16/26 17:29:59ET",Hamilton,Savage,"Lowe's Foods #270 (CHS)","Good stock of ICL SKU’s. Need more Island Chill strawberry mango. Great stock of RB Dance naked. Great stock of SB Damn Yankee",1,https://bogmayer.bevtrack.net/assets/bogmayer/img/meetingImg/6a316bf45f46b.jpg,https://bogmayer.bevtrack.net/assets/bogmayer/img/meetingImg/6a316bf5280e0.jpg,https://bogmayer.bevtrack.net/assets/bogmayer/img/meetingImg/6a316bf60adaf.jpg,https://bogmayer.bevtrack.net/assets/bogmayer/img/meetingImg/6a316bf6b3479.jpg
"06/16/26 19:44:39ET",Kelley,Rohal,"Nom Nom Poke (CHS)","Harold is not in today. Yankee is in cans. Nothing of ours on draft right now",0,https://bogmayer.bevtrack.net/assets/bogmayer/img/meetingImg/6a318b868820c.jpg,https://bogmayer.bevtrack.net/assets/bogmayer/img/meetingImg/6a318b872de97.jpg,,
"06/16/26 18:05:09ET",Kelley,Rohal,"Okatie Ale House (CHS)","Finally got to speak with Rodney. I’m pushing Active on them. I told him I think it would go really well with his Sun City crowd. I left him a sell sheet on it. He seemed interested and said he would check with his boss on it. I will follow up with him at the end of the week before 11 AM. Yankee is still going well as always, he says!",0,,,,
"06/16/26 20:28:14ET",Mayer,Scarpitti,"Page's Okra Grill - Summerville (CHS)","Still carrying dance, naked, strong only IPA in the building",0,,,,
"06/16/26 17:17:07ET",Hamilton,Savage,"Publix #0483 (CHS)","3 packs of ICL 2/12. No order needed",0,https://bogmayer.bevtrack.net/assets/bogmayer/img/meetingImg/6a3168f23b7e5.jpg,,,
"06/16/26 18:40:23ET",Hamilton,Savage,"Publix #0824 (CHS)","2 packs of ICL 2/12. Need another case",1,https://bogmayer.bevtrack.net/assets/bogmayer/img/meetingImg/6a317c76145e4.jpg,,,
"06/16/26 16:35:45ET",Hamilton,Heath,"Publix #1120 (CHS)","No island product",0,,,,
"06/16/26 19:48:39ET",Kelley,,"Sakura (CHS)","Stopped in to try to talk to manager about bringing into local beers. No draft here only cans or bottles. No manager was on duty apparently",0,https://bogmayer.bevtrack.net/assets/bogmayer/img/meetingImg/6a318c76cf53a.jpg,,,
"06/16/26 17:41:35ET",Mayer,Wannamaker,"Sesame - Park Circle (CHS)","Spoke with Bailey is going to pick up a sixtle of Berry stomp",1,,,,
"06/16/26 18:53:10ET",Hamilton,Daley,"Spinx #0352 (CHS)","Good stock of ICL 2/12. Need more Strawberry Mango chill",1,https://bogmayer.bevtrack.net/assets/bogmayer/img/meetingImg/6a317f7446fe6.jpg,https://bogmayer.bevtrack.net/assets/bogmayer/img/meetingImg/6a317f74f3e49.jpg,https://bogmayer.bevtrack.net/assets/bogmayer/img/meetingImg/6a317f7597bd4.jpg,
"06/16/26 16:25:21ET",Hamilton,Lance,"Spinx #0353 (CHS)","Great stock of IcL 2/12. Need more Chill (both strawberry mango and pineapple coconut)",2,https://bogmayer.bevtrack.net/assets/bogmayer/img/meetingImg/6a315ccfc5714.jpg,https://bogmayer.bevtrack.net/assets/bogmayer/img/meetingImg/6a315cd0779c4.jpg,https://bogmayer.bevtrack.net/assets/bogmayer/img/meetingImg/6a315cd11a816.jpg,
"06/16/26 15:59:08ET",Hamilton,Lance,"Spinx #0364 (CHS)","Need more Chill. I put in an order on 5/20 and still haven’t seen any new stock (pineapple coconut and strawberry mango)",0,https://bogmayer.bevtrack.net/assets/bogmayer/img/meetingImg/6a3156aab9c14.jpg,https://bogmayer.bevtrack.net/assets/bogmayer/img/meetingImg/6a3156ab86a3c.jpg,,
"06/16/26 16:53:21ET",Hamilton,Lance,"Spinx #0366 (CHS)","Need more strawberry mango chill",1,https://bogmayer.bevtrack.net/assets/bogmayer/img/meetingImg/6a31635fc4960.jpg,https://bogmayer.bevtrack.net/assets/bogmayer/img/meetingImg/6a316360a55a2.jpg,,
"06/16/26 17:49:05ET",Hamilton,Savage,"Walmart #0628 (CHS)","Only 1 pack of ICL 4/6. Need more",1,https://bogmayer.bevtrack.net/assets/bogmayer/img/meetingImg/6a3170700dc62.jpg,,,
"06/16/26 17:01:24ET",Hamilton,Heath,"Walmart Market #6174 (CHS)","1 pack of IcL 2/12 left. Need more",1,https://bogmayer.bevtrack.net/assets/bogmayer/img/meetingImg/6a316543d14d6.jpg,,,
"06/15/26 17:44:48ET",Mayer,Berardelli,"Art's (CHS)","Reached out to Jessica about picking up Berry Stomp.  She’s going to get back on quantity ",0,,,,
"06/15/26 17:52:41ET",Mayer,Coburn,"Catch23 (CHS)","Spoke with Jess, everything should be gtg with draft ",0,,,,
"06/15/26 17:11:41ET",Mayer,,"Charleston Battery S/E (CHS)","Spoke with Aaron, draft system was pouring foam all lines.  Issue is most likely temp/insulation issues.  Tried fixing it during the game couldn’t resolve the issue. Going to come by on Tuesday and insulate unit",0,,,,
"06/15/26 17:16:58ET",Mayer,Berardelli,"Charleston Sports Pub-Mt Pleasant (CHS)","Spoke with Kensley about BS kegs.  She’s going to get back with me",0,,,,
"06/15/26 17:51:32ET",Mayer,Wannamaker,"Dig In Park Circle (CHS)","Spoke with Jess, meeting is setup for next Wednesday to discuss beer layout etc",0,,,,
"06/15/26 17:24:42ET",Mayer,,"Dog & Duck - Nexton (CHS)","Spoke with Brandon picking up 2 1/2 of BS",1,,,,
"06/15/26 18:05:53ET",Mayer,Livingston,"McConkeys (CHS)","Spoke with Lisa and she’s going to get back with quantities of BS sixtles",0,,,,
"06/15/26 18:37:34ET",Kelley,Rohal,"Nectar - Bluffton (CHS)","Just dropped off a 1/2 Root Beer for them. Yankee is going. They said it has been consistent and selling well for them.",0,,,,
"06/15/26 18:00:48ET",Mayer,,"Neighborhood Tap House - A Phos (CHS)","Spoke with Glenn, he’s going to get back about quantities of BS for this location",0,,,,
"06/15/26 18:01:51ET",Mayer,,"Neighborhood Tap House - Rivers (CHS)","Left a message for Glenn regarding bs for this location.",0,,,,
"06/15/26 17:59:26ET",Mayer,Scarpitti,"Neighborhood Tap House - Summerville (CHS)","Spoke with Glenn, he’s going to get back with me regarding BS at each location",0,,,,
"06/15/26 17:38:52ET",Mayer,,"Pour House - Maybank (CHS)","Reached out to Tony about BS kegs Michael Coburn will ask as well",0,,,,
"06/15/26 18:55:56ET",Hamilton,Dreher,"Publix #1081 (CHS)","Good stock of ICL 2/12",0,https://bogmayer.bevtrack.net/assets/bogmayer/img/meetingImg/6a302e9b62201.jpg,,,
"06/12/26 18:53:19ET",Mayer,Berardelli,"Art's (CHS)","Spoke with Jessica and is picking up ICL 1/2.  Lives all our brands and is going to continue working with us since Julia is no longer here",0,,,,
"06/12/26 20:12:17ET",Kelley,,"Lost Local - Beaufort (CHS)","Forgot to log my visit learlier this week but Alex is picking up a case of Bramble and a case of Orangutang",0,,,,
"06/12/26 20:18:10ET",Mayer,Jackson,"Rivertowne Public House (CHS)","Spoke with Eric when you get back in rotation, things have been slow lately",0,,,,
"06/11/26 16:31:18ET",Hamilton,Mathias,"Bottles Beverage - Mt Pleasant (CHS)","ICL stock came in and looks good. Good stock of Active, SB DY, and RB JJ, bellyitcher, berry stomp, and Livin easy. Need more Dance naked, but order was put in 7 days ago",0,https://bogmayer.bevtrack.net/assets/bogmayer/img/meetingImg/6a2ac6b3e1fae.jpg,https://bogmayer.bevtrack.net/assets/bogmayer/img/meetingImg/6a2ac6b4dc0fc.jpg,https://bogmayer.bevtrack.net/assets/bogmayer/img/meetingImg/6a2ac6b591671.jpg,
"06/11/26 19:13:26ET",Mayer,Coburn,"Catch23 (CHS)","Jess wasn’t in, but I wanted to speak with her about the DIG sponsorship",0,,,,
"06/11/26 19:20:48ET",Mayer,Wannamaker,"Dig In Park Circle (CHS)","Spoke with Jess she’s going to get back to me with sponsorship payment invoice and details",0,,,,
"06/11/26 20:07:48ET",Mayer,,"Food Lion #1072 (CHS)","0 product.  ICL might be a good fit and 19.2 products.  Manager wasn’t in",0,,,,
"06/11/26 15:44:37ET",Hamilton,Savage,"Fresh Market #260 (CHS)","Great stock of ICL 2/12.",0,https://bogmayer.bevtrack.net/assets/bogmayer/img/meetingImg/6a2abbc51e2a6.jpg,,,
"06/11/26 16:08:20ET",Hamilton,Mathias,"Harris Teeter #19 (CHS)","Great stock of ICL 4/6. Good on Rusty Bull in local",0,https://bogmayer.bevtrack.net/assets/bogmayer/img/meetingImg/6a2ac152ec5c9.jpg,https://bogmayer.bevtrack.net/assets/bogmayer/img/meetingImg/6a2ac153a3578.jpg,https://bogmayer.bevtrack.net/assets/bogmayer/img/meetingImg/6a2ac15433362.jpg,
"06/11/26 18:03:44ET",Hamilton,Dreher,"Harris Teeter #385 (CHS)","Good stock of IcL 2/12 and ICL 4/6. IcL 4/6 has been moving well here. Good stock of SB DY",2,https://bogmayer.bevtrack.net/assets/bogmayer/img/meetingImg/6a2adc5d90d77.jpg,https://bogmayer.bevtrack.net/assets/bogmayer/img/meetingImg/6a2adc5e3d821.jpg,https://bogmayer.bevtrack.net/assets/bogmayer/img/meetingImg/6a2adc5ec92b9.jpg,https://bogmayer.bevtrack.net/assets/bogmayer/img/meetingImg/6a2adc5fa35c9.jpg
"06/11/26 16:55:45ET",Hamilton,Mathias,"Harris Teeter #457 (CHS)","Need more Juice Juice, dance naked, and SB DY. Good stock of ICL in cold, but not in Local",3,https://bogmayer.bevtrack.net/assets/bogmayer/img/meetingImg/6a2acc6e88f93.jpg,https://bogmayer.bevtrack.net/assets/bogmayer/img/meetingImg/6a2acc6f54f45.jpg,https://bogmayer.bevtrack.net/assets/bogmayer/img/meetingImg/6a2acc7035b96.jpg,https://bogmayer.bevtrack.net/assets/bogmayer/img/meetingImg/6a2acc70cf6f0.jpg
"06/11/26 15:28:08ET",Hamilton,Mathias,"Harris Teeter #87 (CHS)","Great stock of ICL 2/12 in cold and on display. Running low on ICL 4/6. Great stock of SB DY. Great stock of RB JJ and DN with both being in cold section",1,https://bogmayer.bevtrack.net/assets/bogmayer/img/meetingImg/6a2ab7e542aa6.jpg,https://bogmayer.bevtrack.net/assets/bogmayer/img/meetingImg/6a2ab7e5ef2b4.jpg,https://bogmayer.bevtrack.net/assets/bogmayer/img/meetingImg/6a2ab7e6baa99.jpg,https://bogmayer.bevtrack.net/assets/bogmayer/img/meetingImg/6a2ab7e767881.jpg
"06/11/26 20:35:33ET",Kelley,Rohal,"Hilton Head National (CHS)","Stopped in and dropped off a bunch of samples from Rusty Bull and Southern Barrel. They carry ICL at the tiki hut here she wants me to follow up with her next Friday about the samples I dropped off..",0,,,,
"06/11/26 22:38:24ET",Mayer,Wannamaker,"King's Leaf - West Ashley (CHS)","Still burning through the old cans of Dance naked and juice juice",0,,,,
"06/11/26 21:06:16ET",Kelley,,"Lighthouse Miniature Golf - Bluffton (CHS)","Dropped off another sample of Active as a reminder for them. Looks like they replace Yankee with wicked weed unfortunately. ICL is still on draft though.",0,,,,
"06/11/26 22:37:55ET",Mayer,Wannamaker,"Locals - West Ashley (CHS)","Still carrying juice, juice, sixtles and ICL sixtles",0,,,,
"06/11/26 19:39:43ET",Mayer,Menard,"Longhorn #5202 (CHS)","Spoke with Eli, doesn’t want to make any changes to draught, still carrying DN 1/2 LE 1/2",0,,,,
"06/11/26 19:38:34ET",Kelley,,"Moss Creek (CHS)","Stopped by to see Garson Richards who does the ordering currently. He does not get in until 3 today.  If I have time, I will start back by and try to speak with him. Helles is on draft here.",0,https://bogmayer.bevtrack.net/assets/bogmayer/img/meetingImg/6a2af299a25fa.jpg,,,
"06/11/26 19:23:22ET",Kelley,McClellan,"Nantucket Meat & Fish Market (CHS)","Just stopped by to chat with cameron about Charleston location and the taps he wants built for him. I got him in contact with Ben for those.",0,,,,
"06/11/26 19:53:18ET",Kelley,Livingston,"Old South Golf Links (CHS)","I got an email for Kenny. I will be emailing him about the Helles that he thought was oos but is actually in stock to see if he wants to bring it in again.",0,,,,
"06/11/26 16:40:58ET",Hamilton,Mathias,"Publix #1055 (CHS)","Good stock of ICL, but could use more ",1,https://bogmayer.bevtrack.net/assets/bogmayer/img/meetingImg/6a2ac8fa143e4.jpg,,,
"06/11/26 15:03:44ET",Hamilton,Dreher,"Publix #1081 (CHS)","Good stock of ICL 2/12. ",1,https://bogmayer.bevtrack.net/assets/bogmayer/img/meetingImg/6a2ab2303dca3.jpg,,,
"06/11/26 18:13:38ET",Hamilton,Rutledge,"Spinx #371 (CHS)","The wobbler I added 2 days ago is not there anymore. Adding another. Need more Chill",2,https://bogmayer.bevtrack.net/assets/bogmayer/img/meetingImg/6a2adeb0c57f3.jpg,https://bogmayer.bevtrack.net/assets/bogmayer/img/meetingImg/6a2adeb16d3e9.jpg,,
"06/11/26 19:02:21ET",Mayer,Berardelli,"Swig & Swine - West Ashley (CHS)","Spoke with Brooke Kristin wasn’t in. Juice juice is still selling well also carrying dance naked cans.",0,,,,
"06/11/26 22:36:55ET",Mayer,Wannamaker,"T-Bonz-West Ashley (CHS)","Spoke with Sommer going to pick up Dance Naked and Damn Yankee 1/6s",0,,,,
"06/11/26 17:37:08ET",Hamilton,Mathias,"Total Wine & More #705-Mt P (CHS)","Decent stock of ICL 2/12, but could use more. Good on Active and IcL in cold. Need more RB DN 12oz. Good stock of other RB products. Good stock of SB DY",3,https://bogmayer.bevtrack.net/assets/bogmayer/img/meetingImg/6a2ad620a4382.jpg,https://bogmayer.bevtrack.net/assets/bogmayer/img/meetingImg/6a2ad6219f187.jpg,https://bogmayer.bevtrack.net/assets/bogmayer/img/meetingImg/6a2ad622a5d67.jpg,https://bogmayer.bevtrack.net/assets/bogmayer/img/meetingImg/6a2ad6236b0d3.jpg
"06/11/26 20:01:19ET",Mayer,Coburn,"Two Keys Tavern (CHS)","Spoke with bartender, Kyra wasn’t in, left her a message via bartender.  ",0,,,,
"06/11/26 17:46:25ET",Hamilton,Orr,"Walmart #0632 (CHS)","Great stock of ICL 2/12,ICL 4/6, Active, and SB DY",0,https://bogmayer.bevtrack.net/assets/bogmayer/img/meetingImg/6a2ad84fed731.jpg,https://bogmayer.bevtrack.net/assets/bogmayer/img/meetingImg/6a2ad8508fdb8.jpg,,
"06/11/26 18:27:08ET",Hamilton,Dreher,"Walmart #4384 (CHS)","Good stock of ICL 4/6, ICL 2/12, and Active. The stock of all beer on shelves is starting to go back to normal after beer section move.",0,https://bogmayer.bevtrack.net/assets/bogmayer/img/meetingImg/6a2ae1dc0ab9c.jpg,,,
"06/10/26 19:16:01ET",Kelley,Rohal,"Daddy O's Beer And Wine (CHS)","Spoke with Allie and all product still in stock. Not bringing anything new in yet.",0,,,,
"06/10/26 16:46:50ET",Hamilton,May,"Earth Fare #200 - Windermere (CHS)","Good stock of ICL 4/6. Good stock of RB DN and JJ",0,https://bogmayer.bevtrack.net/assets/bogmayer/img/meetingImg/6a2978d89ead1.jpg,https://bogmayer.bevtrack.net/assets/bogmayer/img/meetingImg/6a2978d956648.jpg,,
"06/10/26 15:22:23ET",Hamilton,Dreher,"Harris Teeter #131 (CHS)","2 packs of ICL 2/12 in cold, 1 pack in local section(need more). 3 packs of ICL 4/6 in cold. SB Damn Yankee in Local and cold (great stock in Local, but need 1 more case in cold). Great stock of RB JJ and DN  (both in cold)",3,https://bogmayer.bevtrack.net/assets/bogmayer/img/meetingImg/6a29650cda6cf.jpg,https://bogmayer.bevtrack.net/assets/bogmayer/img/meetingImg/6a29650db2670.jpg,https://bogmayer.bevtrack.net/assets/bogmayer/img/meetingImg/6a29650e58ab4.jpg,https://bogmayer.bevtrack.net/assets/bogmayer/img/meetingImg/6a29650ee8da2.jpg
"06/10/26 17:46:16ET",Hamilton,May,"Harris Teeter #28 (CHS)","Great stock of ICL 4/6 and SB Southern Barrel. No RB here",0,https://bogmayer.bevtrack.net/assets/bogmayer/img/meetingImg/6a2986c817e72.jpg,,,
"06/10/26 16:25:36ET",Hamilton,Scruggs,"Harris Teeter #365 (CHS)","ICL is still OOS. RB JJ and RB DN look great in cold. Dance naked has been moving (putting order last week)",1,https://bogmayer.bevtrack.net/assets/bogmayer/img/meetingImg/6a2973de6b0e9.jpg,https://bogmayer.bevtrack.net/assets/bogmayer/img/meetingImg/6a2973df27c8d.jpg,https://bogmayer.bevtrack.net/assets/bogmayer/img/meetingImg/6a2973dfcfb9f.jpg,
"06/10/26 16:28:00ET",Hamilton,Scruggs,"Harris Teeter #365 (CHS)","SB also looks great in Local section",0,https://bogmayer.bevtrack.net/assets/bogmayer/img/meetingImg/6a29747029bc8.jpg,,,
"06/10/26 18:38:36ET",Hamilton,,"Harris Teeter #454 Fuel (CHS)","Good stock of ICL 2/12 and ICL 4/6 in cold section, but no ICL 2/12 in local",1,https://bogmayer.bevtrack.net/assets/bogmayer/img/meetingImg/6a29930af326a.jpg,https://bogmayer.bevtrack.net/assets/bogmayer/img/meetingImg/6a29930b94d4b.jpg,,
"06/10/26 17:18:52ET",Hamilton,Moore,"Harris Teeter #455 (CHS)","Still no stock of ICL. Good stock of Damn Yankee",1,https://bogmayer.bevtrack.net/assets/bogmayer/img/meetingImg/6a29805ab14f9.jpg,https://bogmayer.bevtrack.net/assets/bogmayer/img/meetingImg/6a29805b6f336.jpg,,
"06/10/26 19:02:23ET",Hamilton,May,"Harris Teeter #456 (CHS)","Good stock on ICL 4/6 (in fridge, but not section), SB Damn Yankee, and juice juice (JJ is in fridge and local section). Juice juice is running low in local",2,https://bogmayer.bevtrack.net/assets/bogmayer/img/meetingImg/6a29989e1db6d.jpg,https://bogmayer.bevtrack.net/assets/bogmayer/img/meetingImg/6a29989ea7cae.jpg,https://bogmayer.bevtrack.net/assets/bogmayer/img/meetingImg/6a29989f37c96.jpg,
"06/10/26 15:07:20ET",Hamilton,Dreher,"Lowe's Foods #265 (CHS)","Good stock of RB Juice Juice. 2 packs of ICL 2/12. 3 packs of ICL 4/6. 3 packs of Chill (ordering 1 more)",3,https://bogmayer.bevtrack.net/assets/bogmayer/img/meetingImg/6a296185ed16f.jpg,https://bogmayer.bevtrack.net/assets/bogmayer/img/meetingImg/6a296186a5a2f.jpg,https://bogmayer.bevtrack.net/assets/bogmayer/img/meetingImg/6a29618738717.jpg,https://bogmayer.bevtrack.net/assets/bogmayer/img/meetingImg/6a296187e5aa5.jpg
"06/10/26 17:32:10ET",Hamilton,Moore,"Publix #0633 (CHS)","Still no product here",0,,,,
"06/10/26 18:19:06ET",Hamilton,May,"Publix #1645 (CHS)","ICL 2/12 is still OOS. Good stock of SB DY",0,https://bogmayer.bevtrack.net/assets/bogmayer/img/meetingImg/6a298e77a7a0e.jpg,https://bogmayer.bevtrack.net/assets/bogmayer/img/meetingImg/6a298e790e1f5.jpg,,
"06/10/26 18:21:03ET",Hamilton,May,"Publix #1645 (CHS)","OOS ICL 2/12",0,https://bogmayer.bevtrack.net/assets/bogmayer/img/meetingImg/6a298eef20013.jpg,,,
"06/10/26 20:40:30ET",Kelley,McGilvray,"The Kelpie (SAV)","Gordon reached back out and gave me a phone call he was asking about some local beers. I did mention Yankee to him and he was familiar with it. He wants to give it a try so I just put an order for a 1/6 of Yankee",0,,,,
"06/10/26 21:33:34ET",Kelley,Holyoak,"Top Dawg Tavern - HHI (CHS)","Stop by to drop off glassware and coasters. Still waiting on plastic cups for them.",0,,,,
"06/10/26 18:04:54ET",Hamilton,May,"Walmart #2348 (CHS)","Medium stock of ICL 4/6 and ICL 2/12. Low on SB DY (2 packs left)",3,https://bogmayer.bevtrack.net/assets/bogmayer/img/meetingImg/6a298b24594ad.jpg,https://bogmayer.bevtrack.net/assets/bogmayer/img/meetingImg/6a298b25136cd.jpg,https://bogmayer.bevtrack.net/assets/bogmayer/img/meetingImg/6a298b25b24e6.jpg,
"06/10/26 16:11:27ET",Hamilton,Scruggs,"Whole Foods #10698 (CHS)","No product here",0,,,,
"06/09/26 20:25:52ET",Gallo,Menard,"Acme Cafe (CHS)","Tried to catch Shaun.  Will drop back or tell Ben to stop in for DY and JJ ",0,,,,
"06/09/26 18:09:25ET",Kelley,Rohal,"Bonez Bar & Grill (CHS)","Just stopped in to try to catch Anthony, but he was not in. I saw that ICL was out so I texted him. He says that ICL was the original one that he ordered the first time and it took that long to kick because it didn’t go well here. We are trying to set something up where I can let him sample some new beer to try to get on draft here..",0,,,,
"06/09/26 19:02:46ET",Hamilton,McDowell,"Bottles Beverage - Summerville (CHS)","Struggling with stock.  Only has  Juice Juice, orangutang, bellyitcher, and 2 packs of variety pack. About to put it into BevTracks. Out of stocks: ICL 2/12, Island Active, Dance Naked, Berry Stomp",5,https://bogmayer.bevtrack.net/assets/bogmayer/img/meetingImg/6a28473590e97.jpg,https://bogmayer.bevtrack.net/assets/bogmayer/img/meetingImg/6a284736348fb.jpg,,
"06/09/26 20:27:28ET",Gallo,Berardelli,"Dinghy (CHS)","Need to talk with Joey about ICL draft.  ",0,,,,
"06/09/26 19:06:21ET",Hamilton,McDowell,"Earth Fare - Summerville (CHS)","Only 1 pack of Dance Naked left. Manager said they aren’t carrying it anymore, but interested in Berry stomp",0,,,,
"06/10/26 02:37:48ET",Kelley,Brennan,"Fitzroy (SAV)","Stephanie picked up a 1/6 of Yankee",0,,,,
"06/09/26 16:34:06ET",Hamilton,,"Food Lion #2852 (CHS)","No stock",0,,,,
"06/09/26 16:15:39ET",Hamilton,McDowell,"Harris Teeter #355 (CHS)","OOS RB dance naked. Need more ICL 4/6in the local warm section (It’s been moving well). SB is stocked well and has great movement in the local section (will order more). No RB in the end of aisle fridge or cold in general",1,https://bogmayer.bevtrack.net/assets/bogmayer/img/meetingImg/6a28200967cf7.jpg,https://bogmayer.bevtrack.net/assets/bogmayer/img/meetingImg/6a28200a54399.jpg,https://bogmayer.bevtrack.net/assets/bogmayer/img/meetingImg/6a28200b14ff7.jpg,
"06/09/26 17:26:50ET",Hamilton,Taylor,"Harris Teeter #368 (CHS)","Good stock of SB Damn Yankee. Good stock of RB JJ and DN (both in cold). Good stock of ICL 2/12. Need more ICL 4/6",1,,,,
"06/09/26 20:13:57ET",Gallo,Mathias,"Harris Teeter #452 (CHS)","Great stock of ICL, Dance and Juice - cold and warm ! ",0,https://bogmayer.bevtrack.net/assets/bogmayer/img/meetingImg/6a2857e48cf9a.jpg,https://bogmayer.bevtrack.net/assets/bogmayer/img/meetingImg/6a2857e53aa75.jpg,,
"06/09/26 19:33:14ET",Kelley,Holyoak,"Hilton Head Tavern (CHS)","Stopped in and spoke with Adam. He is picking up a 1/2 Beach Bully & 1/2 JJ for draft. I’m also going to be dropping off some coasters for the coaster program because they are carrying Yankee as well!",2,,,,
"06/09/26 21:36:49ET",Gallo,,"King Street Dispensary (CHS)","Working on a $3 beer special for Active with Carter and RB on draft. ",0,,,,
"06/09/26 18:58:25ET",Kelley,Holyoak,"Old Oyster Factory (CHS)","Met with Scott. He hasn’t had ICL in a while so I left him a sample. He might throw it on draft. He wants me to follow up with him in a couple of days about it..",0,,,,
"06/09/26 18:27:17ET",Kelley,Livingston,"Old South Golf Links (CHS)","No  only can options here. They are currently carrying Yankee. They apparently want Helles back but it is out of stock. They say they haven’t had it in a while. I told them we have other light lagers that we could substitute for that and they said as long as it’s local. I’m thinking either ICL or active would go well here. I left my number for Kenny the manager to call me and talk about some possible options for them.",0,https://bogmayer.bevtrack.net/assets/bogmayer/img/meetingImg/6a283ee4e4b72.jpg,,,
"06/09/26 20:55:29ET",Gallo,Mathias,"Publix #1055 (CHS)","Great stock of both ICL and damn Yankee. No order needed.",0,,,,
"06/09/26 17:37:15ET",Hamilton,Taylor,"Publix #1866 (CHS)","OOS ICL 2/12",1,https://bogmayer.bevtrack.net/assets/bogmayer/img/meetingImg/6a28332b3d63b.jpg,,,
"06/09/26 17:07:59ET",Hamilton,Lance,"Refuel #48 (CHS)","Great stock of ICL 4/6 (7 packs)",0,https://bogmayer.bevtrack.net/assets/bogmayer/img/meetingImg/6a282c4f1c0bf.jpg,,,
"06/09/26 20:51:18ET",Gallo,Rutledge,"Refuel #50 (CHS)","Good stock of ICL - need some signage ",0,https://bogmayer.bevtrack.net/assets/bogmayer/img/meetingImg/6a2860a5bfea7.jpg,,,
"06/09/26 17:55:04ET",Kelley,Livingston,"Salty Dog-Bluffton (CHS)","Stopped in to try to talk to Mike about putting Yankee on. He keeps sending his assistant manager out to tell me he’s busy… I guess I’ll just have to stick with emailing as our method of communication. ",0,,,,
"06/09/26 19:43:51ET",Hamilton,Daley,"Spinx #0354 (CHS)","Good stock of Chill. Need more ICL. Put on wobblers",1,https://bogmayer.bevtrack.net/assets/bogmayer/img/meetingImg/6a2850d5df77e.jpg,https://bogmayer.bevtrack.net/assets/bogmayer/img/meetingImg/6a2850d68d49f.jpg,,
"06/09/26 19:58:33ET",Hamilton,Wagoner,"Spinx #0356 (CHS)","Good stock of Chill. Need more ICL",1,,,,
"06/09/26 18:01:38ET",Hamilton,Lance,"Spinx #0359 (CHS)","Running low on ICL 2/12. Low on Strawberry mango too, but put in an order last week",1,https://bogmayer.bevtrack.net/assets/bogmayer/img/meetingImg/6a2838e1653c3.jpg,https://bogmayer.bevtrack.net/assets/bogmayer/img/meetingImg/6a2838e227cb8.jpg,,
"06/09/26 18:22:17ET",Hamilton,Lance,"Spinx #0378 (CHS)","Good stock of ICL 2/12 and Chill. Put new wobbler on",0,https://bogmayer.bevtrack.net/assets/bogmayer/img/meetingImg/6a283db72f71e.jpg,https://bogmayer.bevtrack.net/assets/bogmayer/img/meetingImg/6a283db7d6a49.jpg,https://bogmayer.bevtrack.net/assets/bogmayer/img/meetingImg/6a283db8971f0.jpg,
"06/09/26 14:30:32ET",Hamilton,Rutledge,"Spinx #371 (CHS)","Good stock of Chill. Added new wobbler",0,https://bogmayer.bevtrack.net/assets/bogmayer/img/meetingImg/6a280766a6f1f.jpg,https://bogmayer.bevtrack.net/assets/bogmayer/img/meetingImg/6a28076780335.jpg,,
"06/09/26 20:55:35ET",Kelley,Holyoak,"Top Dawg Tavern - HHI (CHS)","Stopped in to talk to John. We are getting them more plastic cups shipped directly to them hopefully by the end of this week. I am also gonna bring them plenty of coasters and glassware for inside tomorrow to hold them over. ",0,,,,
"06/09/26 22:26:20ET",Gallo,Scruggs,"Total Wine & More #702-W Ashley (CHS)","Bone Dry on shelf - see pics. - also need 12 oz DN and JJ? 
",4,https://bogmayer.bevtrack.net/assets/bogmayer/img/meetingImg/6a2876eaaadaf.jpg,https://bogmayer.bevtrack.net/assets/bogmayer/img/meetingImg/6a2876eb70210.jpg,,
"06/09/26 20:30:57ET",Gallo,Berardelli,"Windjammer (CHS)","Nikki or Garc not around today. Will stop back.",0,,,,
"06/08/26 17:38:25ET",Kelley,Rohal,"Agave Side Bar -Bluffton (CHS)","Just followed up with Lynda. She is wanting to pick up ICL. She does orders on Wednesday.. I’m going to go ahead and give her a tap handle for it and see if I have any pos.",1,,,,
"06/08/26 17:17:07ET",Kelley,Rohal,"Buffalo Wild Wing-Bluffton (CHS)","Stopped in and spoke with Kat. They liked the Active. However, Corporate wants them not to order it yet due to a possible upcoming contract with FIFA. Once they are able to, they want to bring Active in.",0,,,,
"06/08/26 17:23:11ET",Kelley,Rohal,"Giuseppi's-Bluffton (CHS)","Lori was not in today. Bartender said juice juice doesn’t sell that well. Still trying to get them to pick up ICL or active.",0,,,,
"06/06/26 17:51:53ET",Hamilton,Dreher,"Harris Teeter #385 (CHS)","Good stock of ICL 4/6, ICL 2/12. Need more SB Damn Yankee. Great movement for DY
",2,https://bogmayer.bevtrack.net/assets/bogmayer/img/meetingImg/6a2442167137f.jpg,https://bogmayer.bevtrack.net/assets/bogmayer/img/meetingImg/6a24421713e8a.jpg,https://bogmayer.bevtrack.net/assets/bogmayer/img/meetingImg/6a244217cdd5f.jpg,https://bogmayer.bevtrack.net/assets/bogmayer/img/meetingImg/6a2442186bb37.jpg
"06/06/26 18:12:43ET",Hamilton,Dreher,"Walmart #4384 (CHS)","Good stock of ICL 4/6",0,https://bogmayer.bevtrack.net/assets/bogmayer/img/meetingImg/6a2446fa66bd8.jpg,,,
"06/04/26 20:50:56ET",Gallo,Jackson,"Bon Banh Mi - Mt P (CHS)","Left sample of Active to get on draft, chris going to call me tomorrow. ",0,,,,
"06/04/26 21:20:38ET",Gallo,Mathias,"Bottles Beverage - Mt Pleasant (CHS)","Need to email Brendan Monday morning - OOS on ICL and Active and JJ and DN ",4,,,,
"06/04/26 21:21:32ET",Gallo,Mathias,"Bottles Beverage - Mt Pleasant (CHS)","Pic attached of OOS ",0,https://bogmayer.bevtrack.net/assets/bogmayer/img/meetingImg/6a21d03acf060.jpg,https://bogmayer.bevtrack.net/assets/bogmayer/img/meetingImg/6a21d03b95baf.jpg,,
"06/04/26 19:52:52ET",Gallo,Savage,"Fresh Market #260 (CHS)","Solid stock of ICL. No order needed.",0,,,,
"06/04/26 20:47:56ET",Gallo,Mathias,"Harris Teeter #457 (CHS)","Low on Dance Naked and ICL 2/12  warm and cold ",2,https://bogmayer.bevtrack.net/assets/bogmayer/img/meetingImg/6a21c85b0040b.jpg,,,
"06/04/26 20:51:50ET",Gallo,Jackson,"Kid Cashew (CHS)","Looks closed down, need to check with Hannah. ",0,,,,
"06/04/26 21:59:46ET",Gallo,Berardelli,"Mill Street Tavern (CHS)","Eric was not in but RB and ICL still flowing. ",0,,,,
"06/04/26 19:40:00ET",Gallo,Orr,"Publix #0449 (CHS)","Solid stock for both skus ",0,https://bogmayer.bevtrack.net/assets/bogmayer/img/meetingImg/6a21b86fcc824.jpg,,,
"06/04/26 20:53:17ET",Gallo,Mathias,"Publix #1055 (CHS)","Solid Stock - no order needed ",0,,,,
"06/04/26 22:45:38ET",Hamilton,Dreher,"Publix #1081 (CHS)","Good stock of ICL 2/12",0,https://bogmayer.bevtrack.net/assets/bogmayer/img/meetingImg/6a21e3f110e90.jpg,,,
"06/04/26 21:29:58ET",Gallo,Jackson,"Shelter (CHS)","Stopped to see Liam to discuss programming.  Will come back. ",0,,,,
"06/04/26 21:23:51ET",Gallo,Menard,"Sr Tequila-Mt.Pleasant (CHS)","It’s now Nantucket’s Fish Mkt- going to get all draft skus in here when they open.  ",0,,,,
"06/04/26 18:58:57ET",Kelley,Rohal,"Tio's Latin American Kitchen (CHS)","Met with Ben at Tios’s for discussion about tap takeover. We secured a date, which is June 17.. time of takeover will be from 4 to 7 PM. 5 lines. We will be doing a raffle with prizes and giveaways.. I will need to grab more merchandise from Charleston. ",4,,,,
"06/04/26 20:21:12ET",Gallo,Mathias,"Total Wine & More #705-Mt P (CHS)","Need order of ICL and Active ",3,https://bogmayer.bevtrack.net/assets/bogmayer/img/meetingImg/6a21c2174a95c.jpg,,,
"06/04/26 22:25:59ET",Gallo,Coburn,"Triangle - Avondale (CHS)","Stopped in but none of our beers on tap.  Need a meeting with Jen to see why we can’t stay on the lines. ",0,,,,
"06/04/26 20:28:31ET",Gallo,Orr,"Walmart #0632 (CHS)","Good stock - no order needed ",0,,,,
"06/03/26 20:08:11ET",Kelley,,"Bottles Off Bay dba Sweet Grass Pantry (CHS)","Stopped in and spoke with the owners. Dropped off quite a few samples they are not carrying any of our product yet he seemed interested. I told him to let me know what he decides on. I left him my card and a gift card for Southern umbrella as well.",0,,,,
"06/03/26 18:22:56ET",Kelley,,"Gilligan's-Beaufort (CHS)","Just came to see Rob and drop off his first round of coasters. JJ seems to be going well and customers are liking it. I will follow up with him in the next couple of weeks to see how things are going.",0,,,,
"06/03/26 17:32:20ET",Gallo,Scruggs,"Harris Teeter #277 (CHS)","OOS ICL 4/6 - NO Rusty BULL ",3,https://bogmayer.bevtrack.net/assets/bogmayer/img/meetingImg/6a2049042b9db.jpg,,,
"06/03/26 18:31:49ET",Hamilton,McDowell,"Harris Teeter #355 (CHS)","OOS RB dance naked. 4 packs of ICL 4/12 between drudge and local section (need more). SB is stocked well and has great movement in the local section (will order more)",3,https://bogmayer.bevtrack.net/assets/bogmayer/img/meetingImg/6a2056f3adc1b.jpg,https://bogmayer.bevtrack.net/assets/bogmayer/img/meetingImg/6a2056f450ff4.jpg,https://bogmayer.bevtrack.net/assets/bogmayer/img/meetingImg/6a2056f4e37d6.jpg,
"06/03/26 20:28:37ET",Hamilton,Savage,"Harris Teeter #363 (CHS)","Good stock of ICL 2/12, ICL 4/6, Island Active, and SB Damn Yankee.",0,https://bogmayer.bevtrack.net/assets/bogmayer/img/meetingImg/6a20725336b6e.jpg,https://bogmayer.bevtrack.net/assets/bogmayer/img/meetingImg/6a207253c215d.jpg,https://bogmayer.bevtrack.net/assets/bogmayer/img/meetingImg/6a20725454c1b.jpg,https://bogmayer.bevtrack.net/assets/bogmayer/img/meetingImg/6a207254e4aa7.jpg
"06/03/26 19:06:23ET",Hamilton,Taylor,"Harris Teeter #368 (CHS)","Good stock of ICL 4/6. Good stock of ICL Display 2/12. Good stock of SB Damn Yankee",0,https://bogmayer.bevtrack.net/assets/bogmayer/img/meetingImg/6a205f0e13c03.jpg,https://bogmayer.bevtrack.net/assets/bogmayer/img/meetingImg/6a205f0ea2537.jpg,https://bogmayer.bevtrack.net/assets/bogmayer/img/meetingImg/6a205f0f440fc.jpg,
"06/03/26 20:36:51ET",Kelley,Rohal,"Hemingway's - Beaufort (CHS)","Kyle is in on Tuesdays all day. I’ll try to catch him next week. None of our beers are on at the moment..",0,https://bogmayer.bevtrack.net/assets/bogmayer/img/meetingImg/6a2074428fe6b.jpg,,,
"06/03/26 20:23:24ET",Kelley,Livingston,"Lost Local - Beaufort (CHS)","Met with Alex showed him some different beers. I need to bring him some RB & SB pint glasses!!! He is ordering 1 case Bramble & 1 case Orangutan for now. He might be ordering more. I will follow up with him next Tuesday to see what else he wants.",2,,,,
"06/03/26 21:04:34ET",Kelley,Rohal,"Old Bull Tavern (CHS)","Stopped in and was finally able to catch a bartender to speak with. They apparently rotate back-and-forth from Bully & Yankee on draft which is awesome. I left samples of JJ & DN for them to try. He seems interested in the DN. I got a contact for Mike who does the ordering. I will follow up with him later this week.",0,,,,
"06/03/26 20:44:55ET",Kelley,Livingston,"Paninis Cafe (CHS)","Paul is the manager. He was not available with a talk at the moment. I did leave my information with some sell sheets from all the brands. I will try to follow up with them next week..",0,https://bogmayer.bevtrack.net/assets/bogmayer/img/meetingImg/6a207626bf074.jpg,,,
"06/03/26 20:33:07ET",Kelley,Livingston,"Plums (CHS)","Stopped in to try to talk to Kim about some other beer options. She was not in today.",0,,,,
"06/03/26 17:58:53ET",Gallo,Scruggs,"Publix #1599 (CHS)","Packed out ICL and Damn Yankee! ",0,https://bogmayer.bevtrack.net/assets/bogmayer/img/meetingImg/6a204f3c714d4.jpg,,,
"06/03/26 19:50:46ET",Hamilton,Lance,"Spinx #0359 (CHS)","Great stock of IcL 2/12. Running low on Chill. Added the new chill wobbler",1,https://bogmayer.bevtrack.net/assets/bogmayer/img/meetingImg/6a2069754c569.jpg,https://bogmayer.bevtrack.net/assets/bogmayer/img/meetingImg/6a206975e34b5.jpg,,

"Generated 06/30/2026 9:56 AM by Jackson Hamilton"
